Symbol,Company,Weight
AAPL,Apple Inc,6.62
MSFT,Microsoft Corp,5.59
AMZN,Amazon.com Inc,2.51
NVDA,NVIDIA Corp,1.74
TSLA,Tesla Inc,1.66
GOOGL,Alphabet Inc Class A,1.62
GOOG,Alphabet Inc Class C,1.44
XOM,Exxon Mobil Corp,1.36
UNH,UnitedHealth Group Inc,1.34
JPM,JPMorgan Chase & Co,1.26
JNJ,Johnson & Johnson,1.21
META,Meta Platforms Inc Class A,1.18
V,Visa Inc Class A,1.08
PG,Procter & Gamble Co,0.98
MA,Mastercard Inc Class A,0.91
HD,The Home Depot Inc,0.91
CVX,Chevron Corp,0.86
ABBV,AbbVie Inc,0.82
MRK,Merck & Co Inc,0.81
LLY,Eli Lilly and Co,0.74
PEP,PepsiCo Inc,0.72
BAC,Bank of America Corp,0.72
AVGO,Broadcom Inc,0.72
KO,Coca-Cola Co,0.7
PFE,Pfizer Inc,0.68
TMO,Thermo Fisher Scientific Inc,0.64
COST,Costco Wholesale Corp,0.64
CSCO,Cisco Systems Inc,0.6
WMT,Walmart Inc,0.6
MCD,McDonald's Corp,0.58
DIS,The Walt Disney Co,0.55
WFC,Wells Fargo & Co,0.54
ABT,Abbott Laboratories,0.53
LIN,Linde PLC,0.52
ACN,Accenture PLC Class A,0.5
DHR,Danaher Corp,0.49
VZ,Verizon Communications Inc,0.49
CRM,Salesforce Inc,0.49
CMCSA,Comcast Corp Class A,0.48
TXN,Texas Instruments Inc,0.47
NKE,Nike Inc Class B,0.45
PM,Philip Morris International Inc,0.45
ADBE,Adobe Inc,0.45
BMY,Bristol-Myers Squibb Co,0.44
NFLX,Netflix Inc,0.43
RTX,Raytheon Technologies Corp,0.43
QCOM,Qualcomm Inc,0.42
NEE,NextEra Energy Inc,0.42
T,AT&T Inc,0.41
UPS,United Parcel Service Inc Class B,0.4
ORCL,Oracle Corp,0.4
HON,Honeywell International Inc,0.39
COP,ConocoPhillips,0.39
AMD,Advanced Micro Devices Inc,0.38
MS,Morgan Stanley,0.38
UNP,Union Pacific Corp,0.38
LOW,Lowe's Companies Inc,0.38
AMGN,Amgen Inc,0.37
CAT,Caterpillar Inc,0.37
SCHW,Charles Schwab Corp,0.36
GS,The Goldman Sachs Group Inc,0.36
DE,Deere & Co,0.35
IBM,International Business Machines Corp,0.35
SBUX,Starbucks Corp,0.35
INTU,Intuit Inc,0.34
ELV,Elevance Health Inc,0.34
BA,Boeing Co,0.34
SPGI,S&P Global Inc,0.34
PLD,Prologis Inc,0.34
CVS,CVS Health Corp,0.33
MDT,Medtronic PLC,0.33
LMT,Lockheed Martin Corp,0.33
INTC,Intel Corp,0.31
BLK,BlackRock Inc,0.31
AXP,American Express Co,0.31
C,Citigroup Inc,0.3
AMAT,Applied Materials Inc,0.3
GILD,Gilead Sciences Inc,0.3
ADI,Analog Devices Inc,0.29
BKNG,Booking Holdings Inc,0.29
GE,General Electric Co,0.28
AMT,American Tower Corp,0.28
SYK,Stryker Corp,0.27
MDLZ,Mondelez International Inc Class A,0.27
CI,The Cigna Group,0.27
TJX,TJX Companies Inc,0.27
ADP,Automatic Data Processing Inc,0.27
TMUS,T-Mobile US Inc,0.26
NOW,ServiceNow Inc,0.26
CB,Chubb Ltd,0.26
ISRG,Intuitive Surgical Inc,0.25
MO,Altria Group Inc,0.25
PYPL,PayPal Holdings Inc,0.25
PGR,Progressive Corp,0.25
MMC,Marsh & McLennan Companies Inc,0.24
REGN,Regeneron Pharmaceuticals Inc,0.24
SLB,SLB,0.23
ZTS,Zoetis Inc Class A,0.23
TGT,Target Corp,0.23
DUK,Duke Energy Corp,0.22
FISV,Fiserv Inc,0.22
VRTX,Vertex Pharmaceuticals Inc,0.22
SO,Southern Co,0.21
ETN,Eaton Corp PLC,0.21
ITW,Illinois Tool Works Inc,0.2
LRCX,Lam Research Corp,0.2
EOG,EOG Resources Inc,0.2
BDX,"Becton, Dickinson and Co",0.2
CME,CME Group Inc Class A,0.2
BSX,Boston Scientific Corp,0.2
NOC,Northrop Grumman Corp,0.2
CSX,CSX Corp,0.19
USB,U.S. Bancorp,0.19
TFC,Truist Financial Corp,0.19
HUM,Humana Inc,0.19
MU,Micron Technology Inc,0.19
AON,Aon PLC Class A,0.19
APD,Air Products & Chemicals Inc,0.19
PNC,PNC Financial Services Group Inc,0.19
EQIX,Equinix Inc,0.19
FCX,Freeport-McMoRan Inc,0.18
MMM,3M Co,0.18
CL,Colgate-Palmolive Co,0.18
MPC,Marathon Petroleum Corp,0.17
GM,General Motors Co,0.17
SNPS,Synopsys Inc,0.17
EL,The Estee Lauder Companies Inc Class A,0.17
WM,Waste Management Inc,0.17
ICE,Intercontinental Exchange Inc,0.17
CCI,Crown Castle Inc,0.17
ORLY,O'Reilly Automotive Inc,0.16
SHW,Sherwin-Williams Co,0.16
NSC,Norfolk Southern Corp,0.16
HCA,HCA Healthcare Inc,0.16
CDNS,Cadence Design Systems Inc,0.16
KLAC,KLA Corp,0.16
ATVI,Activision Blizzard Inc,0.16
FDX,FedEx Corp,0.15
EMR,Emerson Electric Co,0.15
DG,Dollar General Corp,0.15
PSX,Phillips 66,0.15
EW,Edwards Lifesciences Corp,0.15
MCK,McKesson Corp,0.15
VLO,Valero Energy Corp,0.15
GD,General Dynamics Corp,0.15
AEP,American Electric Power Co Inc,0.14
AIG,American International Group Inc,0.14
MAR,Marriott International Inc Class A,0.14
MCO,Moody's Corporation,0.14
ROP,Roper Technologies Inc,0.14
MRNA,Moderna Inc,0.14
APH,Amphenol Corp Class A,0.14
D,Dominion Energy Inc,0.14
NXPI,NXP Semiconductors NV,0.14
SRE,Sempra Energy,0.14
GIS,General Mills Inc,0.14
AZO,AutoZone Inc,0.14
F,Ford Motor Co,0.14
PXD,Pioneer Natural Resources Co,0.14
MET,MetLife Inc,0.14
PSA,Public Storage,0.14
COF,Capital One Financial Corp,0.13
MSCI,MSCI Inc,0.13
KMB,Kimberly-Clark Corp,0.13
A,Agilent Technologies Inc,0.13
OXY,Occidental Petroleum Corp,0.13
TT,Trane Technologies PLC Class A,0.13
ADSK,Autodesk Inc,0.13
JCI,Johnson Controls International PLC,0.13
DXCM,DexCom Inc,0.13
MSI,Motorola Solutions Inc,0.13
NUE,Nucor Corp,0.13
ADM,Archer-Daniels Midland Co,0.13
TRV,The Travelers Companies Inc,0.13
MCHP,Microchip Technology Inc,0.13
CTVA,Corteva Inc,0.13
PH,Parker Hannifin Corp,0.13
EXC,Exelon Corp,0.12
LHX,L3Harris Technologies Inc,0.12
TEL,TE Connectivity Ltd,0.12
DOW,Dow Inc,0.12
CMG,Chipotle Mexican Grill Inc,0.12
ROST,Ross Stores Inc,0.12
IQV,IQVIA Holdings Inc,0.12
FTNT,Fortinet Inc,0.12
CNC,Centene Corp,0.12
BIIB,Biogen Inc,0.12
MNST,Monster Beverage Corp,0.12
AFL,Aflac Inc,0.12
ECL,Ecolab Inc,0.12
AJG,Arthur J. Gallagher & Co,0.12
IDXX,IDEXX Laboratories Inc,0.12
HLT,Hilton Worldwide Holdings Inc,0.12
CHTR,Charter Communications Inc Class A,0.12
SPG,Simon Property Group Inc,0.12
O,Realty Income Corp,0.12
XEL,Xcel Energy Inc,0.11
DVN,Devon Energy Corp,0.11
OTIS,Otis Worldwide Corp Ordinary Shares,0.11
PAYX,Paychex Inc,0.11
YUM,Yum Brands Inc,0.11
STZ,Constellation Brands Inc Class A,0.11
DD,DuPont de Nemours Inc,0.11
WMB,Williams Companies Inc,0.11
AMP,Ameriprise Financial Inc,0.11
PRU,Prudential Financial Inc,0.11
HES,Hess Corp,0.11
BK,Bank of New York Mellon Corp,0.11
CTAS,Cintas Corp,0.11
FIS,Fidelity National Information Services Inc,0.11
PCAR,PACCAR Inc,0.11
CARR,Carrier Global Corp Ordinary Shares,0.11
SYY,Sysco Corp,0.11
TDG,TransDigm Group Inc,0.11
WELL,Welltower Inc,0.11
HSY,The Hershey Co,0.1
ALL,Allstate Corp,0.1
NEM,Newmont Corp,0.1
WBD,Warner Bros.Discovery Inc Ordinary Shares - Class A,0.1
CMI,Cummins Inc,0.1
ANET,Arista Networks Inc,0.1
ROK,Rockwell Automation Inc,0.1
KMI,Kinder Morgan Inc Class P,0.1
ON,ON Semiconductor Corp,0.1
HAL,Halliburton Co,0.1
URI,United Rentals Inc,0.1
STT,State Street Corporation,0.1
AME,AMETEK Inc,0.1
CTSH,Cognizant Technology Solutions Corp Class A,0.1
MTD,Mettler-Toledo International Inc,0.1
ED,Consolidated Edison Inc,0.1
VICI,VICI Properties Inc Ordinary Shares,0.1
APTV,Aptiv PLC,0.09
ILMN,Illumina Inc,0.09
RMD,ResMed Inc,0.09
GPN,Global Payments Inc,0.09
ODFL,Old Dominion Freight Line Inc Ordinary Shares,0.09
PPG,PPG Industries Inc,0.09
KHC,The Kraft Heinz Co,0.09
BKR,Baker Hughes Co Class A,0.09
DLTR,Dollar Tree Inc,0.09
DFS,Discover Financial Services,0.09
CPRT,Copart Inc,0.09
GWW,W.W. Grainger Inc,0.09
PEG,Public Service Enterprise Group Inc,0.09
ALB,Albemarle Corp,0.09
OKE,ONEOK Inc,0.09
FAST,Fastenal Co,0.09
KDP,Keurig Dr Pepper Inc,0.09
EA,Electronic Arts Inc,0.09
DHI,D.R. Horton Inc,0.09
CSGP,CoStar Group Inc,0.09
KEYS,Keysight Technologies Inc,0.09
ENPH,Enphase Energy Inc,0.09
DLR,Digital Realty Trust Inc,0.09
GEHC,GE HealthCare Technologies Inc Common Stock,0.08
CBRE,CBRE Group Inc Class A,0.08
MTB,M&T Bank Corp,0.08
CDW,CDW Corp,0.08
ULTA,Ulta Beauty Inc,0.08
HPQ,HP Inc,0.08
VRSK,Verisk Analytics Inc,0.08
RSG,Republic Services Inc,0.08
ANSS,Ansys Inc,0.08
ES,Eversource Energy,0.08
ZBH,Zimmer Biomet Holdings Inc,0.08
ACGL,Arch Capital Group Ltd,0.08
IT,Gartner Inc,0.08
TSCO,Tractor Supply Co,0.08
WTW,Willis Towers Watson PLC,0.08
GLW,Corning Inc,0.08
AWK,American Water Works Co Inc,0.08
WBA,Walgreens Boots Alliance Inc,0.08
EIX,Edison International,0.08
TROW,T. Rowe Price Group Inc,0.08
HIG,The Hartford Financial Services Group Inc,0.08
ABC,AmerisourceBergen Corp,0.08
PCG,PG&E Corp,0.08
EBAY,eBay Inc,0.08
GPC,Genuine Parts Co,0.08
KR,The Kroger Co,0.08
WEC,WEC Energy Group Inc,0.08
SBAC,SBA Communications Corp,0.08
VMC,Vulcan Materials Co,0.07
IFF,International Flavors & Fragrances Inc,0.07
FTV,Fortive Corp,0.07
IR,Ingersoll Rand Inc,0.07
WST,West Pharmaceutical Services Inc,0.07
FITB,Fifth Third Bancorp,0.07
FANG,Diamondback Energy Inc,0.07
EFX,Equifax Inc,0.07
LEN,Lennar Corp Class A,0.07
CEG,Constellation Energy Corp,0.07
LYB,LyondellBasell Industries NV,0.07
DAL,Delta Air Lines Inc,0.07
PWR,Quanta Services Inc,0.07
ALGN,Align Technology Inc,0.07
FRC,First Republic Bank,0.07
MLM,Martin Marietta Materials Inc,0.07
HBAN,Huntington Bancshares Inc,0.07
RF,Regions Financial Corp,0.07
EXR,Extra Space Storage Inc,0.07
ARE,Alexandria Real Estate Equities Inc,0.07
AVB,AvalonBay Communities Inc,0.07
WY,Weyerhaeuser Co,0.07
DOV,Dover Corp,0.06
AEE,Ameren Corp,0.06
FE,FirstEnergy Corp,0.06
MPWR,Monolithic Power Systems Inc,0.06
LH,Laboratory Corp of America Holdings,0.06
WAT,Waters Corp,0.06
OMC,Omnicom Group Inc,0.06
MOS,The Mosaic Co,0.06
VRSN,VeriSign Inc,0.06
MKC,McCormick & Co Inc Registered Shs Non Vtg,0.06
STE,Steris PLC,0.06
LVS,Las Vegas Sands Corp,0.06
CLX,Clorox Co,0.06
WAB,Westinghouse Air Brake Technologies Corp,0.06
NDAQ,Nasdaq Inc,0.06
CINF,Cincinnati Financial Corp,0.06
NTRS,Northern Trust Corp,0.06
CTRA,Coterra Energy Inc Ordinary Shares,0.06
TDY,Teledyne Technologies Inc,0.06
PPL,PPL Corp,0.06
CAH,Cardinal Health Inc,0.06
HOLX,Hologic Inc,0.06
LUV,Southwest Airlines Co,0.06
BAX,Baxter International Inc,0.06
HPE,Hewlett Packard Enterprise Co,0.06
CHD,Church & Dwight Co Inc,0.06
CFG,Citizens Financial Group Inc,0.06
PFG,Principal Financial Group Inc,0.06
ETR,Entergy Corp,0.06
STLD,Steel Dynamics Inc,0.06
RJF,Raymond James Financial Inc,0.06
DTE,DTE Energy Co,0.06
EQR,Equity Residential,0.06
VTR,Ventas Inc,0.06
RE,Everest Re Group Ltd,0.05
GRMN,Garmin Ltd,0.05
JBHT,JB Hunt Transport Services Inc,0.05
EXPE,Expedia Group Inc,0.05
FMC,FMC Corp,0.05
SYF,Synchrony Financial,0.05
DGX,Quest Diagnostics Inc,0.05
FLT,Fleetcor Technologies Inc,0.05
MRO,Marathon Oil Corp,0.05
MOH,Molina Healthcare Inc,0.05
COO,The Cooper Companies Inc,0.05
NVR,NVR Inc,0.05
SJM,JM Smucker Co,0.05
TER,Teradyne Inc,0.05
ATO,Atmos Energy Corp,0.05
PKI,PerkinElmer Inc,0.05
HWM,Howmet Aerospace Inc,0.05
ZBRA,Zebra Technologies Corp Class A,0.05
FDS,FactSet Research Systems Inc,0.05
RCL,Royal Caribbean Group,0.05
J,Jacobs Solutions Inc,0.05
TXT,Textron Inc,0.05
ETSY,Etsy Inc,0.05
XYL,Xylem Inc,0.05
SWKS,Skyworks Solutions Inc,0.05
BALL,Ball Corp,0.05
EPAM,EPAM Systems Inc,0.05
SEDG,SolarEdge Technologies Inc,0.05
DRI,Darden Restaurants Inc,0.05
CNP,CenterPoint Energy Inc,0.05
CAG,Conagra Brands Inc,0.05
TSN,Tyson Foods Inc Class A,0.05
TTWO,Take-Two Interactive Software Inc,0.05
CF,CF Industries Holdings Inc,0.05
EXPD,Expeditors International of Washington Inc,0.05
UAL,United Airlines Holdings Inc,0.05
CMS,CMS Energy Corp,0.05
K,Kellogg Co,0.05
IEX,IDEX Corp,0.05
KEY,KeyCorp,0.05
FSLR,First Solar Inc,0.05
BBY,Best Buy Co Inc,0.05
AMCR,Amcor PLC Ordinary Shares,0.05
TRGP,Targa Resources Corp,0.05
SIVB,SVB Financial Group,0.05
BR,Broadridge Financial Solutions Inc,0.05
AES,The AES Corp,0.05
MAA,Mid-America Apartment Communities Inc,0.05
INVH,Invitation Homes Inc,0.05
IRM,Iron Mountain Inc,0.05
CTLT,Catalent Inc,0.04
EQT,EQT Corp,0.04
JKHY,Jack Henry & Associates Inc,0.04
AVY,Avery Dennison Corp,0.04
LKQ,LKQ Corp,0.04
SNA,Snap-on Inc,0.04
LDOS,Leidos Holdings Inc,0.04
IP,International Paper Co,0.04
PTC,PTC Inc,0.04
BRO,Brown & Brown Inc,0.04
TRMB,Trimble Inc,0.04
PKG,Packaging Corp of America,0.04
MKTX,MarketAxess Holdings Inc,0.04
HRL,Hormel Foods Corp,0.04
LNT,Alliant Energy Corp,0.04
PHM,PulteGroup Inc,0.04
SWK,Stanley Black & Decker Inc,0.04
STX,Seagate Technology Holdings PLC,0.04
APA,APA Corp,0.04
CHRW,C.H. Robinson Worldwide Inc,0.04
BWA,BorgWarner Inc,0.04
WDC,Western Digital Corp,0.04
L,Loews Corp,0.04
NDSN,Nordson Corp,0.04
MAS,Masco Corp,0.04
LW,Lamb Weston Holdings Inc,0.04
INCY,Incyte Corp,0.04
NTAP,NetApp Inc,0.04
POOL,Pool Corp,0.04
PAYC,Paycom Software Inc,0.04
MGM,MGM Resorts International,0.04
IPG,The Interpublic Group of Companies Inc,0.04
VTRS,Viatris Inc,0.04
WRB,WR Berkley Corp,0.04
TYL,Tyler Technologies Inc,0.04
CBOE,Cboe Global Markets Inc,0.04
EVRG,Evergy Inc,0.04
HST,Host Hotels & Resorts Inc,0.04
CPT,Camden Property Trust,0.04
KIM,Kimco Realty Corp,0.04
PEAK,Healthpeak Properties Inc,0.04
UDR,UDR Inc,0.04
ESS,Essex Property Trust Inc,0.04
BBWI,Bath & Body Works Inc,0.03
JNPR,Juniper Networks Inc,0.03
TAP,Molson Coors Beverage Co Shs -B- Non-Voting,0.03
ALLE,Allegion PLC,0.03
BIO,Bio-Rad Laboratories Inc Class A,0.03
MTCH,Match Group Inc,0.03
CE,Celanese Corp Class A,0.03
AKAM,Akamai Technologies Inc,0.03
WYNN,Wynn Resorts Ltd,0.03
GEN,Gen Digital Inc,0.03
TECH,Bio-Techne Corp,0.03
CDAY,Ceridian HCM Holding Inc,0.03
KMX,CarMax Inc,0.03
NI,NiSource Inc,0.03
TFX,Teleflex Inc,0.03
GL,Globe Life Inc,0.03
TPR,Tapestry Inc,0.03
CRL,Charles River Laboratories International Inc,0.03
HSIC,Henry Schein Inc,0.03
PARA,Paramount Global Class B,0.03
CZR,Caesars Entertainment Inc,0.03
FOXA,Fox Corp Class A,0.03
CPB,Campbell Soup Co,0.03
DPZ,Domino's Pizza Inc,0.03
EMN,Eastman Chemical Co,0.03
QRVO,Qorvo Inc,0.03
CCL,Carnival Corp,0.03
LYV,Live Nation Entertainment Inc,0.03
AAL,American Airlines Group Inc,0.03
PNR,Pentair PLC,0.03
UHS,Universal Health Services Inc Class B,0.03
RHI,Robert Half International Inc,0.03
AAP,Advance Auto Parts Inc,0.03
HII,Huntington Ingalls Industries Inc,0.03
FFIV,F5 Inc,0.03
AOS,A.O. Smith Corp,0.03
CMA,Comerica Inc,0.03
BXP,Boston Properties Inc,0.03
REG,Regency Centers Corp,0.03
PNW,Pinnacle West Capital Corp,0.02
XRAY,Dentsply Sirona Inc,0.02
ROL,Rollins Inc,0.02
IVZ,Invesco Ltd,0.02
BEN,Franklin Resources Inc,0.02
WRK,WestRock Co,0.02
VFC,VF Corp,0.02
NRG,NRG Energy Inc,0.02
ZION,Zions Bancorp NA,0.02
WHR,Whirlpool Corp,0.02
GNRC,Generac Holdings Inc,0.02
SEE,Sealed Air Corp,0.02
SBNY,Signature Bank,0.02
HAS,Hasbro Inc,0.02
AIZ,Assurant Inc,0.02
NWSA,News Corp Class A,0.02
DXC,DXC Technology Co Registered Shs When Issued,0.02
OGN,Organon & Co Ordinary Shares,0.02
NCLH,Norwegian Cruise Line Holdings Ltd,0.02
ALK,Alaska Air Group Inc,0.02
NWL,Newell Brands Inc,0.02
MHK,Mohawk Industries Inc,0.02
RL,Ralph Lauren Corp Class A,0.02
FRT,Federal Realty Investment Trust,0.02
LNC,Lincoln National Corp,0.01
FOX,Fox Corp Class B,0.01
DVA,DaVita Inc,0.01
LUMN,Lumen Technologies Inc Ordinary Shares,0.01
DISH,DISH Network Corp Class A,0.01
NWS,News Corp Class B,0.01
